"Benchmark","Algorithm","HV_Mean","HV_SD","HV_Min","HV_Max","GD_Mean","GD_SD","GD_Min","GD_Max","Time_Mean","Time_SD","Pareto_Mean"
"ZDT1","NSGAII",0.867829346054603,0.00051736052763778,0.866522617178257,0.868758353196118,0.00378441689494359,0.0015309094800725,0.00298388791742972,0.0118537418472256,17.0276837579666,0.944150048671885,100
"ZDT1","MO_AGD_PSO",0.868565824881691,0.000630572242006274,0.867296981613132,0.869664416235914,0.003652483529431,0.000490203878367215,0.00218182261647317,0.00446273130220164,20.9365560162452,0.556474136576195,100
"ZDT2","NSGAII",0.534083978749769,0.000772824940137574,0.531914962017063,0.535759295339612,0.00272819460933088,0.000495220281581238,0.00192553819244499,0.00382399531702892,17.149120876866,1.32752137532838,100
"ZDT2","MO_AGD_PSO",0.5363237778452,0.000486155101618339,0.535400663135477,0.537381445441667,0.00242336776743465,0.000436143539076616,0.00151753845717969,0.00318770283310506,20.818406051205,1.2711647988993,100
"ZDT3","NSGAII",1.32009154563653,0.020728254134109,1.24210110661197,1.32639817668637,0.0015990094232992,0.000400935603329084,0.00112924189348832,0.00326960786572063,17.0670476113596,1.17143941726946,100
"ZDT3","MO_AGD_PSO",1.32654936467725,0.00194268146999544,1.31905227780086,1.32812853312269,0.00156721795867508,0.000444594644843904,0.000929800991865038,0.00330692610677826,20.9567167374396,1.24787474079768,100
